"","created_at","avg_sentiment","character"
"1","2022-07-08 01:00",3,"Homelander"
"2","2022-07-08 14:00",-1,"A-Train"
"3","2022-07-08 14:00",-1,"Black Noir"
"4","2022-07-08 14:00",0.75,"Butcher"
"5","2022-07-08 14:00",6,"Deep"
"6","2022-07-08 14:00",-0.266666666666667,"Homelander"
"7","2022-07-08 14:00",6,"Hughie"
"8","2022-07-08 14:00",2,"M.M."
"9","2022-07-08 14:00",0.25,"Queen Maeve"
"10","2022-07-08 14:00",-0.25,"Ryan"
"11","2022-07-08 14:00",-0.666666666666667,"Soldier Boy"
"12","2022-07-08 14:00",2,"Starlight"
"13","2022-07-08 15:00",-5.8,"A-Train"
"14","2022-07-08 15:00",-1,"Ashley"
"15","2022-07-08 15:00",-2.27777777777778,"Black Noir"
"16","2022-07-08 15:00",-2.5,"Butcher"
"17","2022-07-08 15:00",-28,"Deep"
"18","2022-07-08 15:00",-14.5,"Frenchie"
"19","2022-07-08 15:00",0.0851063829787234,"Homelander"
"20","2022-07-08 15:00",-5.8,"Hughie"
"21","2022-07-08 15:00",-4.75,"Kimiko"
"22","2022-07-08 15:00",-1.4,"M.M."
"23","2022-07-08 15:00",0.466666666666667,"Queen Maeve"
"24","2022-07-08 15:00",0.125,"Ryan"
"25","2022-07-08 15:00",1.66666666666667,"Soldier Boy"
"26","2022-07-08 15:00",-1,"Stan Edgar"
"27","2022-07-08 15:00",-2.66666666666667,"Starlight"
"28","2022-07-08 16:00",3.33333333333333,"A-Train"
"29","2022-07-08 16:00",-3.2,"Ashley"
"30","2022-07-08 16:00",-1,"Black Noir"
"31","2022-07-08 16:00",-0.315789473684211,"Butcher"
"32","2022-07-08 16:00",-0.571428571428571,"Deep"
"33","2022-07-08 16:00",0.666666666666667,"Frenchie"
"34","2022-07-08 16:00",-0.06,"Homelander"
"35","2022-07-08 16:00",2.1,"Hughie"
"36","2022-07-08 16:00",1.11111111111111,"Kimiko"
"37","2022-07-08 16:00",0.1875,"M.M."
"38","2022-07-08 16:00",1.04545454545455,"Queen Maeve"
"39","2022-07-08 16:00",-0.476190476190476,"Ryan"
"40","2022-07-08 16:00",1.32558139534884,"Soldier Boy"
"41","2022-07-08 16:00",0.666666666666667,"Stan Edgar"
"42","2022-07-08 16:00",0.5,"Starlight"
"43","2022-07-08 17:00",-1.25,"A-Train"
"44","2022-07-08 17:00",-2.42857142857143,"Ashley"
"45","2022-07-08 17:00",-1.0625,"Black Noir"
"46","2022-07-08 17:00",-1.04,"Butcher"
"47","2022-07-08 17:00",-6.25,"Deep"
"48","2022-07-08 17:00",-2.33333333333333,"Frenchie"
"49","2022-07-08 17:00",-1.015625,"Homelander"
"50","2022-07-08 17:00",-0.6,"Hughie"
"51","2022-07-08 17:00",-0.416666666666667,"Kimiko"
"52","2022-07-08 17:00",-1.35294117647059,"M.M."
"53","2022-07-08 17:00",0.375,"Queen Maeve"
"54","2022-07-08 17:00",-2.15384615384615,"Ryan"
"55","2022-07-08 17:00",-1.70967741935484,"Soldier Boy"
"56","2022-07-08 17:00",1.75,"Stan Edgar"
"57","2022-07-08 17:00",-0.222222222222222,"Starlight"
"58","2022-07-08 18:00",-1.8,"A-Train"
"59","2022-07-08 18:00",-1.66666666666667,"Ashley"
"60","2022-07-08 18:00",0.19047619047619,"Black Noir"
"61","2022-07-08 18:00",-0.928571428571429,"Butcher"
"62","2022-07-08 18:00",-1.75,"Deep"
"63","2022-07-08 18:00",5,"Frenchie"
"64","2022-07-08 18:00",0.126582278481013,"Homelander"
"65","2022-07-08 18:00",1,"Hughie"
"66","2022-07-08 18:00",4.16666666666667,"Kimiko"
"67","2022-07-08 18:00",0.347826086956522,"M.M."
"68","2022-07-08 18:00",-0.25,"Newman"
"69","2022-07-08 18:00",-0.652173913043478,"Queen Maeve"
"70","2022-07-08 18:00",-1.19230769230769,"Ryan"
"71","2022-07-08 18:00",1,"Soldier Boy"
"72","2022-07-08 18:00",1.55555555555556,"Stan Edgar"
"73","2022-07-08 18:00",0.2,"Starlight"
"74","2022-07-08 19:00",-1.25,"A-Train"
"75","2022-07-08 19:00",1,"Ashley"
"76","2022-07-08 19:00",-0.823529411764706,"Black Noir"
"77","2022-07-08 19:00",-0.0285714285714286,"Butcher"
"78","2022-07-08 19:00",-1,"Crimson Countess"
"79","2022-07-08 19:00",-0.777777777777778,"Deep"
"80","2022-07-08 19:00",0,"Frenchie"
"81","2022-07-08 19:00",-0.515625,"Homelander"
"82","2022-07-08 19:00",1.68,"Hughie"
"83","2022-07-08 19:00",0.545454545454545,"Kimiko"
"84","2022-07-08 19:00",0.826086956521739,"M.M."
"85","2022-07-08 19:00",-0.5,"Newman"
"86","2022-07-08 19:00",0.878787878787879,"Queen Maeve"
"87","2022-07-08 19:00",-1.10344827586207,"Ryan"
"88","2022-07-08 19:00",0.214285714285714,"Soldier Boy"
"89","2022-07-08 19:00",1.11764705882353,"Stan Edgar"
"90","2022-07-08 19:00",-0.0454545454545455,"Starlight"
"91","2022-07-08 20:00",-2.66666666666667,"A-Train"
"92","2022-07-08 20:00",1.66666666666667,"Ashley"
"93","2022-07-08 20:00",-0.78125,"Black Noir"
"94","2022-07-08 20:00",0.148148148148148,"Butcher"
"95","2022-07-08 20:00",-2.28571428571429,"Deep"
"96","2022-07-08 20:00",-0.8,"Frenchie"
"97","2022-07-08 20:00",0.185185185185185,"Homelander"
"98","2022-07-08 20:00",3,"Hughie"
"99","2022-07-08 20:00",2.35714285714286,"Kimiko"
"100","2022-07-08 20:00",0.53125,"M.M."
"101","2022-07-08 20:00",1,"Newman"
"102","2022-07-08 20:00",-0.206896551724138,"Queen Maeve"
"103","2022-07-08 20:00",-0.777777777777778,"Ryan"
"104","2022-07-08 20:00",1.71666666666667,"Soldier Boy"
"105","2022-07-08 20:00",0.647058823529412,"Stan Edgar"
"106","2022-07-08 20:00",1.71428571428571,"Starlight"
"107","2022-07-08 21:00",-1.875,"A-Train"
"108","2022-07-08 21:00",-1.71428571428571,"Ashley"
"109","2022-07-08 21:00",-0.607142857142857,"Black Noir"
"110","2022-07-08 21:00",0.388888888888889,"Butcher"
"111","2022-07-08 21:00",0.75,"Deep"
"112","2022-07-08 21:00",0.641304347826087,"Homelander"
"113","2022-07-08 21:00",2,"Hughie"
"114","2022-07-08 21:00",4.22222222222222,"Kimiko"
"115","2022-07-08 21:00",1.72,"M.M."
"116","2022-07-08 21:00",-2,"Newman"
"117","2022-07-08 21:00",1.76923076923077,"Queen Maeve"
"118","2022-07-08 21:00",-1.875,"Ryan"
"119","2022-07-08 21:00",0.636363636363636,"Soldier Boy"
"120","2022-07-08 21:00",3.18181818181818,"Stan Edgar"
"121","2022-07-08 21:00",3.08333333333333,"Starlight"
"122","2022-07-08 22:00",-1.2,"A-Train"
"123","2022-07-08 22:00",0.333333333333333,"Ashley"
"124","2022-07-08 22:00",-0.828571428571429,"Black Noir"
"125","2022-07-08 22:00",-0.21875,"Butcher"
"126","2022-07-08 22:00",2,"Crimson Countess"
"127","2022-07-08 22:00",1.85714285714286,"Deep"
"128","2022-07-08 22:00",1.75,"Frenchie"
"129","2022-07-08 22:00",0.377777777777778,"Homelander"
"130","2022-07-08 22:00",1.58823529411765,"Hughie"
"131","2022-07-08 22:00",3.16666666666667,"Kimiko"
"132","2022-07-08 22:00",0,"M.M."
"133","2022-07-08 22:00",-1.5,"Newman"
"134","2022-07-08 22:00",0.166666666666667,"Queen Maeve"
"135","2022-07-08 22:00",-1.56666666666667,"Ryan"
"136","2022-07-08 22:00",-0.166666666666667,"Soldier Boy"
"137","2022-07-08 22:00",1.16666666666667,"Stan Edgar"
"138","2022-07-08 22:00",0.666666666666667,"Starlight"
"139","2022-07-08 23:00",2,"A-Train"
"140","2022-07-08 23:00",2,"Ashley"
"141","2022-07-08 23:00",-0.909090909090909,"Black Noir"
"142","2022-07-08 23:00",-3.11111111111111,"Butcher"
"143","2022-07-08 23:00",0.5,"Deep"
"144","2022-07-08 23:00",2,"Frenchie"
"145","2022-07-08 23:00",0.952380952380952,"Homelander"
"146","2022-07-08 23:00",1.2,"Hughie"
"147","2022-07-08 23:00",2,"Kimiko"
"148","2022-07-08 23:00",1.5,"M.M."
"149","2022-07-08 23:00",-1,"Queen Maeve"
"150","2022-07-08 23:00",-3,"Ryan"
"151","2022-07-08 23:00",-1.25,"Soldier Boy"
"152","2022-07-08 23:00",1.66666666666667,"Stan Edgar"
"153","2022-07-08 23:00",0.25,"Starlight"
"154","2022-07-09 05:00",-2,"Black Noir"
"155","2022-07-09 05:00",-3,"Butcher"
"156","2022-07-09 05:00",-1.33333333333333,"Homelander"
"157","2022-07-09 05:00",-1,"Hughie"
"158","2022-07-09 05:00",1,"Kimiko"
"159","2022-07-09 05:00",-0.166666666666667,"M.M."
"160","2022-07-09 05:00",0.111111111111111,"Queen Maeve"
"161","2022-07-09 05:00",-2.71428571428571,"Ryan"
"162","2022-07-09 05:00",-0.533333333333333,"Soldier Boy"
"163","2022-07-09 05:00",-3,"Starlight"
"164","2022-07-09 06:00",0.307692307692308,"Black Noir"
"165","2022-07-09 06:00",-1.14285714285714,"Butcher"
"166","2022-07-09 06:00",-1,"Frenchie"
"167","2022-07-09 06:00",-1.12903225806452,"Homelander"
"168","2022-07-09 06:00",3.25,"Hughie"
"169","2022-07-09 06:00",1,"Kimiko"
"170","2022-07-09 06:00",0.166666666666667,"M.M."
"171","2022-07-09 06:00",1.08333333333333,"Queen Maeve"
"172","2022-07-09 06:00",-3.09090909090909,"Ryan"
"173","2022-07-09 06:00",-1.35,"Soldier Boy"
"174","2022-07-09 06:00",0.833333333333333,"Stan Edgar"
"175","2022-07-09 06:00",-0.8,"Starlight"
"176","2022-07-09 07:00",-3,"A-Train"
"177","2022-07-09 07:00",-1.25,"Black Noir"
"178","2022-07-09 07:00",-3.28571428571429,"Butcher"
"179","2022-07-09 07:00",1.5,"Deep"
"180","2022-07-09 07:00",-0.333333333333333,"Frenchie"
"181","2022-07-09 07:00",-0.818181818181818,"Homelander"
"182","2022-07-09 07:00",7,"Hughie"
"183","2022-07-09 07:00",-1.66666666666667,"Kimiko"
"184","2022-07-09 07:00",-2.75,"M.M."
"185","2022-07-09 07:00",-0.142857142857143,"Queen Maeve"
"186","2022-07-09 07:00",-2.44444444444444,"Ryan"
"187","2022-07-09 07:00",2.16666666666667,"Soldier Boy"
"188","2022-07-09 07:00",-4.66666666666667,"Stan Edgar"
"189","2022-07-09 07:00",-0.285714285714286,"Starlight"
"190","2022-07-09 08:00",3,"A-Train"
"191","2022-07-09 08:00",0.75,"Black Noir"
"192","2022-07-09 08:00",-1.42857142857143,"Butcher"
"193","2022-07-09 08:00",-2,"Deep"
"194","2022-07-09 08:00",3,"Frenchie"
"195","2022-07-09 08:00",-0.631578947368421,"Homelander"
"196","2022-07-09 08:00",4,"Hughie"
"197","2022-07-09 08:00",2.6,"M.M."
"198","2022-07-09 08:00",-2.33333333333333,"Queen Maeve"
"199","2022-07-09 08:00",0.222222222222222,"Ryan"
"200","2022-07-09 08:00",0.0909090909090909,"Soldier Boy"
"201","2022-07-09 08:00",2,"Stan Edgar"
"202","2022-07-09 08:00",0,"Starlight"
"203","2022-07-09 09:00",-2.8,"Black Noir"
"204","2022-07-09 09:00",-0.333333333333333,"Butcher"
"205","2022-07-09 09:00",3,"Deep"
"206","2022-07-09 09:00",2.5,"Frenchie"
"207","2022-07-09 09:00",-1.5,"Homelander"
"208","2022-07-09 09:00",2.25,"Hughie"
"209","2022-07-09 09:00",4,"Kimiko"
"210","2022-07-09 09:00",-0.5,"M.M."
"211","2022-07-09 09:00",-0.333333333333333,"Queen Maeve"
"212","2022-07-09 09:00",-1.83333333333333,"Ryan"
"213","2022-07-09 09:00",0.333333333333333,"Soldier Boy"
"214","2022-07-09 09:00",6,"Stan Edgar"
"215","2022-07-09 09:00",1,"Starlight"
"216","2022-07-09 10:00",1.5,"Ashley"
"217","2022-07-09 10:00",-0.6,"Black Noir"
"218","2022-07-09 10:00",-1.5,"Butcher"
"219","2022-07-09 10:00",-1.66666666666667,"Deep"
"220","2022-07-09 10:00",0.6,"Frenchie"
"221","2022-07-09 10:00",0.615384615384615,"Homelander"
"222","2022-07-09 10:00",-1,"Hughie"
"223","2022-07-09 10:00",2.875,"Kimiko"
"224","2022-07-09 10:00",0.333333333333333,"M.M."
"225","2022-07-09 10:00",0.6,"Queen Maeve"
"226","2022-07-09 10:00",-1.33333333333333,"Ryan"
"227","2022-07-09 10:00",1.625,"Soldier Boy"
"228","2022-07-09 10:00",-5.5,"Stan Edgar"
"229","2022-07-09 10:00",-2.5,"Starlight"
"230","2022-07-09 11:00",5,"A-Train"
"231","2022-07-09 11:00",2,"Ashley"
"232","2022-07-09 11:00",0.25,"Black Noir"
"233","2022-07-09 11:00",1,"Butcher"
"234","2022-07-09 11:00",1.28,"Homelander"
"235","2022-07-09 11:00",3,"Hughie"
"236","2022-07-09 11:00",3,"Kimiko"
"237","2022-07-09 11:00",-0.125,"M.M."
"238","2022-07-09 11:00",3,"Newman"
"239","2022-07-09 11:00",1.83333333333333,"Queen Maeve"
"240","2022-07-09 11:00",-0.333333333333333,"Ryan"
"241","2022-07-09 11:00",2.16666666666667,"Soldier Boy"
"242","2022-07-09 11:00",2.33333333333333,"Stan Edgar"
"243","2022-07-09 11:00",1.33333333333333,"Starlight"
"244","2022-07-09 12:00",2,"Ashley"
"245","2022-07-09 12:00",2.42857142857143,"Black Noir"
"246","2022-07-09 12:00",-1.77777777777778,"Butcher"
"247","2022-07-09 12:00",4,"Deep"
"248","2022-07-09 12:00",1,"Frenchie"
"249","2022-07-09 12:00",0.5,"Homelander"
"250","2022-07-09 12:00",-2,"Hughie"
"251","2022-07-09 12:00",-1,"Kimiko"
"252","2022-07-09 12:00",0.714285714285714,"M.M."
"253","2022-07-09 12:00",-0.6,"Queen Maeve"
"254","2022-07-09 12:00",-1.88888888888889,"Ryan"
"255","2022-07-09 12:00",0.833333333333333,"Soldier Boy"
"256","2022-07-09 12:00",1.66666666666667,"Stan Edgar"
"257","2022-07-09 12:00",1.5,"Starlight"
"258","2022-07-09 13:00",-2,"A-Train"
"259","2022-07-09 13:00",-0.714285714285714,"Black Noir"
"260","2022-07-09 13:00",0.25,"Butcher"
"261","2022-07-09 13:00",4,"Deep"
"262","2022-07-09 13:00",0,"Homelander"
"263","2022-07-09 13:00",-2,"Hughie"
"264","2022-07-09 13:00",0.666666666666667,"Kimiko"
"265","2022-07-09 13:00",0.4,"M.M."
"266","2022-07-09 13:00",-1,"Queen Maeve"
"267","2022-07-09 13:00",-2.33333333333333,"Ryan"
"268","2022-07-09 13:00",0.615384615384615,"Soldier Boy"
"269","2022-07-09 13:00",-1.6,"Starlight"
"270","2022-07-09 14:00",1.25,"A-Train"
"271","2022-07-09 14:00",-1.5,"Black Noir"
"272","2022-07-09 14:00",-1.07692307692308,"Butcher"
"273","2022-07-09 14:00",1,"Deep"
"274","2022-07-09 14:00",0,"Frenchie"
"275","2022-07-09 14:00",-0.342857142857143,"Homelander"
"276","2022-07-09 14:00",1.5,"Hughie"
"277","2022-07-09 14:00",-1,"Kimiko"
"278","2022-07-09 14:00",-0.75,"M.M."
"279","2022-07-09 14:00",2,"Queen Maeve"
"280","2022-07-09 14:00",-3.11111111111111,"Ryan"
"281","2022-07-09 14:00",-0.0588235294117647,"Soldier Boy"
"282","2022-07-09 14:00",2.66666666666667,"Stan Edgar"
"283","2022-07-09 14:00",0.25,"Starlight"
"284","2022-07-09 15:00",-6,"A-Train"
"285","2022-07-09 15:00",0.5625,"Black Noir"
"286","2022-07-09 15:00",0.571428571428571,"Butcher"
"287","2022-07-09 15:00",0,"Deep"
"288","2022-07-09 15:00",3,"Frenchie"
"289","2022-07-09 15:00",-0.964285714285714,"Homelander"
"290","2022-07-09 15:00",-1,"Hughie"
"291","2022-07-09 15:00",2.5,"Kimiko"
"292","2022-07-09 15:00",-0.75,"M.M."
"293","2022-07-09 15:00",-1.44444444444444,"Queen Maeve"
"294","2022-07-09 15:00",-0.2,"Ryan"
"295","2022-07-09 15:00",0.466666666666667,"Soldier Boy"
"296","2022-07-09 15:00",1,"Stan Edgar"
"297","2022-07-09 15:00",0.666666666666667,"Starlight"
"298","2022-07-09 16:00",-6,"A-Train"
"299","2022-07-09 16:00",-1.42857142857143,"Black Noir"
"300","2022-07-09 16:00",2,"Butcher"
"301","2022-07-09 16:00",2,"Deep"
"302","2022-07-09 16:00",3,"Frenchie"
"303","2022-07-09 16:00",-0.8,"Homelander"
"304","2022-07-09 16:00",0.714285714285714,"Hughie"
"305","2022-07-09 16:00",5,"Kimiko"
"306","2022-07-09 16:00",-0.533333333333333,"M.M."
"307","2022-07-09 16:00",3,"Newman"
"308","2022-07-09 16:00",-1.2,"Queen Maeve"
"309","2022-07-09 16:00",-1.16666666666667,"Ryan"
"310","2022-07-09 16:00",-0.25,"Soldier Boy"
"311","2022-07-09 16:00",0.666666666666667,"Stan Edgar"
"312","2022-07-09 16:00",-1.33333333333333,"Starlight"
"313","2022-07-09 17:00",-0.333333333333333,"A-Train"
"314","2022-07-09 17:00",0.214285714285714,"Black Noir"
"315","2022-07-09 17:00",0.416666666666667,"Butcher"
"316","2022-07-09 17:00",-1,"Deep"
"317","2022-07-09 17:00",2.4,"Frenchie"
"318","2022-07-09 17:00",1.67647058823529,"Homelander"
"319","2022-07-09 17:00",1.16666666666667,"Hughie"
"320","2022-07-09 17:00",1.125,"Kimiko"
"321","2022-07-09 17:00",4.14285714285714,"M.M."
"322","2022-07-09 17:00",5,"Newman"
"323","2022-07-09 17:00",-1.27272727272727,"Queen Maeve"
"324","2022-07-09 17:00",1.625,"Ryan"
"325","2022-07-09 17:00",-0.36,"Soldier Boy"
"326","2022-07-09 17:00",-0.214285714285714,"Stan Edgar"
"327","2022-07-09 17:00",1.63636363636364,"Starlight"
"328","2022-07-09 18:00",1.5,"Ashley"
"329","2022-07-09 18:00",-1.76923076923077,"Black Noir"
"330","2022-07-09 18:00",-0.777777777777778,"Butcher"
"331","2022-07-09 18:00",-2,"Deep"
"332","2022-07-09 18:00",-0.166666666666667,"Frenchie"
"333","2022-07-09 18:00",-0.03125,"Homelander"
"334","2022-07-09 18:00",3.33333333333333,"Hughie"
"335","2022-07-09 18:00",-1,"Kimiko"
"336","2022-07-09 18:00",0.142857142857143,"M.M."
"337","2022-07-09 18:00",-1.14285714285714,"Queen Maeve"
"338","2022-07-09 18:00",-1.66666666666667,"Ryan"
"339","2022-07-09 18:00",-0.869565217391304,"Soldier Boy"
"340","2022-07-09 18:00",-0.25,"Stan Edgar"
"341","2022-07-09 18:00",-3.33333333333333,"Starlight"
"342","2022-07-09 19:00",0.75,"A-Train"
"343","2022-07-09 19:00",3,"Ashley"
"344","2022-07-09 19:00",0.142857142857143,"Black Noir"
"345","2022-07-09 19:00",-0.176470588235294,"Butcher"
"346","2022-07-09 19:00",-1.4,"Deep"
"347","2022-07-09 19:00",2,"Frenchie"
"348","2022-07-09 19:00",0.916666666666667,"Homelander"
"349","2022-07-09 19:00",3.66666666666667,"Hughie"
"350","2022-07-09 19:00",1.5,"Kimiko"
"351","2022-07-09 19:00",2,"M.M."
"352","2022-07-09 19:00",0,"Queen Maeve"
"353","2022-07-09 19:00",-2.88888888888889,"Ryan"
"354","2022-07-09 19:00",0.85,"Soldier Boy"
"355","2022-07-09 19:00",3.66666666666667,"Stan Edgar"
"356","2022-07-09 19:00",-3.4,"Starlight"
"357","2022-07-09 20:00",0.75,"A-Train"
"358","2022-07-09 20:00",-7,"Ashley"
"359","2022-07-09 20:00",-1.63636363636364,"Black Noir"
"360","2022-07-09 20:00",0.857142857142857,"Butcher"
"361","2022-07-09 20:00",-0.2,"Deep"
"362","2022-07-09 20:00",-0.5,"Frenchie"
"363","2022-07-09 20:00",1.88,"Homelander"
"364","2022-07-09 20:00",3.66666666666667,"Hughie"
"365","2022-07-09 20:00",-0.5,"Kimiko"
"366","2022-07-09 20:00",-2.11111111111111,"M.M."
"367","2022-07-09 20:00",-1.5,"Newman"
"368","2022-07-09 20:00",1,"Queen Maeve"
"369","2022-07-09 20:00",-1,"Ryan"
"370","2022-07-09 20:00",0.285714285714286,"Soldier Boy"
"371","2022-07-09 20:00",3.5,"Stan Edgar"
"372","2022-07-09 20:00",-3.25,"Starlight"
"373","2022-07-09 21:00",-1,"A-Train"
"374","2022-07-09 21:00",4,"Ashley"
"375","2022-07-09 21:00",-1.8,"Black Noir"
"376","2022-07-09 21:00",0.461538461538462,"Butcher"
"377","2022-07-09 21:00",2,"Deep"
"378","2022-07-09 21:00",3,"Frenchie"
"379","2022-07-09 21:00",0.678571428571429,"Homelander"
"380","2022-07-09 21:00",1.42857142857143,"Hughie"
"381","2022-07-09 21:00",5,"Kimiko"
"382","2022-07-09 21:00",0.555555555555556,"M.M."
"383","2022-07-09 21:00",-7,"Newman"
"384","2022-07-09 21:00",0.272727272727273,"Queen Maeve"
"385","2022-07-09 21:00",-3.88888888888889,"Ryan"
"386","2022-07-09 21:00",0.05,"Soldier Boy"
"387","2022-07-09 21:00",-7,"Stan Edgar"
"388","2022-07-09 21:00",0.666666666666667,"Starlight"
"389","2022-07-09 22:00",-2,"A-Train"
"390","2022-07-09 22:00",2,"Ashley"
"391","2022-07-09 22:00",0.125,"Black Noir"
"392","2022-07-09 22:00",-2.5,"Butcher"
"393","2022-07-09 22:00",1,"Deep"
"394","2022-07-09 22:00",2,"Frenchie"
"395","2022-07-09 22:00",-1.80952380952381,"Homelander"
"396","2022-07-09 22:00",3,"Hughie"
"397","2022-07-09 22:00",-0.166666666666667,"Kimiko"
"398","2022-07-09 22:00",0.0909090909090909,"M.M."
"399","2022-07-09 22:00",-1.5,"Newman"
"400","2022-07-09 22:00",1.2,"Queen Maeve"
"401","2022-07-09 22:00",-8,"Ryan"
"402","2022-07-09 22:00",0.0833333333333333,"Soldier Boy"
"403","2022-07-09 22:00",1,"Stan Edgar"
"404","2022-07-09 22:00",-2.2,"Starlight"
"405","2022-07-09 23:00",1,"A-Train"
"406","2022-07-09 23:00",-0.583333333333333,"Black Noir"
"407","2022-07-09 23:00",-0.727272727272727,"Butcher"
"408","2022-07-09 23:00",-3,"Deep"
"409","2022-07-09 23:00",2.5,"Frenchie"
"410","2022-07-09 23:00",1.1,"Homelander"
"411","2022-07-09 23:00",3.75,"Hughie"
"412","2022-07-09 23:00",2.6,"Kimiko"
"413","2022-07-09 23:00",-1.88888888888889,"M.M."
"414","2022-07-09 23:00",0,"Newman"
"415","2022-07-09 23:00",2,"Queen Maeve"
"416","2022-07-09 23:00",-2.16666666666667,"Ryan"
"417","2022-07-09 23:00",1.4,"Soldier Boy"
"418","2022-07-09 23:00",-1.14285714285714,"Stan Edgar"
"419","2022-07-09 23:00",-0.5,"Starlight"
"420","2022-07-10 00:00",-3,"A-Train"
"421","2022-07-10 00:00",0.111111111111111,"Black Noir"
"422","2022-07-10 00:00",1,"Butcher"
"423","2022-07-10 00:00",-2,"Crimson Countess"
"424","2022-07-10 00:00",5.33333333333333,"Deep"
"425","2022-07-10 00:00",-0.0909090909090909,"Homelander"
"426","2022-07-10 00:00",2.5,"Hughie"
"427","2022-07-10 00:00",16,"Kimiko"
"428","2022-07-10 00:00",0.5,"M.M."
"429","2022-07-10 00:00",-1,"Queen Maeve"
"430","2022-07-10 00:00",2,"Ryan"
"431","2022-07-10 00:00",3,"Soldier Boy"
"432","2022-07-10 00:00",8.33333333333333,"Stan Edgar"
"433","2022-07-10 00:00",-1,"Starlight"
"434","2022-07-10 01:00",0.5,"A-Train"
"435","2022-07-10 01:00",-1,"Ashley"
"436","2022-07-10 01:00",0.666666666666667,"Black Noir"
"437","2022-07-10 01:00",0.5,"Butcher"
"438","2022-07-10 01:00",-1.5,"Deep"
"439","2022-07-10 01:00",2.33333333333333,"Frenchie"
"440","2022-07-10 01:00",0.176470588235294,"Homelander"
"441","2022-07-10 01:00",1.57142857142857,"Hughie"
"442","2022-07-10 01:00",3.33333333333333,"Kimiko"
"443","2022-07-10 01:00",2.85714285714286,"M.M."
"444","2022-07-10 01:00",4,"Newman"
"445","2022-07-10 01:00",1.66666666666667,"Queen Maeve"
"446","2022-07-10 01:00",1.25,"Ryan"
"447","2022-07-10 01:00",1.25,"Soldier Boy"
"448","2022-07-10 01:00",0,"Stan Edgar"
"449","2022-07-10 01:00",2.75,"Starlight"
"450","2022-07-10 02:00",-2,"Black Noir"
"451","2022-07-10 02:00",0.2,"Butcher"
"452","2022-07-10 02:00",-1,"Crimson Countess"
"453","2022-07-10 02:00",0.0588235294117647,"Homelander"
"454","2022-07-10 02:00",7.66666666666667,"Hughie"
"455","2022-07-10 02:00",0.666666666666667,"Kimiko"
"456","2022-07-10 02:00",1.57142857142857,"M.M."
"457","2022-07-10 02:00",0.8,"Queen Maeve"
"458","2022-07-10 02:00",2.25,"Ryan"
"459","2022-07-10 02:00",0.545454545454545,"Soldier Boy"
"460","2022-07-10 02:00",0.166666666666667,"Stan Edgar"
"461","2022-07-10 02:00",2.25,"Starlight"
"462","2022-07-10 03:00",-5.5,"A-Train"
"463","2022-07-10 03:00",-0.75,"Black Noir"
"464","2022-07-10 03:00",-1.44444444444444,"Butcher"
"465","2022-07-10 03:00",2,"Deep"
"466","2022-07-10 03:00",2.5,"Frenchie"
"467","2022-07-10 03:00",0.4,"Homelander"
"468","2022-07-10 03:00",1.25,"Hughie"
"469","2022-07-10 03:00",1.33333333333333,"Kimiko"
"470","2022-07-10 03:00",-0.125,"M.M."
"471","2022-07-10 03:00",0,"Queen Maeve"
"472","2022-07-10 03:00",-3.5,"Ryan"
"473","2022-07-10 03:00",0.538461538461538,"Soldier Boy"
"474","2022-07-10 03:00",0.4,"Stan Edgar"
"475","2022-07-10 03:00",1.33333333333333,"Starlight"
"476","2022-07-10 04:00",-0.2,"A-Train"
"477","2022-07-10 04:00",2,"Ashley"
"478","2022-07-10 04:00",-2.5,"Black Noir"
"479","2022-07-10 04:00",-1.25,"Butcher"
"480","2022-07-10 04:00",-3,"Deep"
"481","2022-07-10 04:00",-1,"Frenchie"
"482","2022-07-10 04:00",-1.80952380952381,"Homelander"
"483","2022-07-10 04:00",0.333333333333333,"Kimiko"
"484","2022-07-10 04:00",1.4,"M.M."
"485","2022-07-10 04:00",-1,"Newman"
"486","2022-07-10 04:00",-5,"Queen Maeve"
"487","2022-07-10 04:00",-4.66666666666667,"Ryan"
"488","2022-07-10 04:00",-1,"Soldier Boy"
"489","2022-07-10 04:00",1,"Stan Edgar"
"490","2022-07-10 04:00",-3,"Starlight"
"491","2022-07-10 05:00",-2.875,"Black Noir"
"492","2022-07-10 05:00",-0.4,"Butcher"
"493","2022-07-10 05:00",-0.5,"Deep"
"494","2022-07-10 05:00",-5,"Frenchie"
"495","2022-07-10 05:00",-1,"Homelander"
"496","2022-07-10 05:00",-2,"Hughie"
"497","2022-07-10 05:00",-1,"Kimiko"
"498","2022-07-10 05:00",1,"M.M."
"499","2022-07-10 05:00",0,"Queen Maeve"
"500","2022-07-10 05:00",-1.33333333333333,"Ryan"
"501","2022-07-10 05:00",0.181818181818182,"Soldier Boy"
"502","2022-07-10 05:00",1.66666666666667,"Stan Edgar"
"503","2022-07-10 05:00",0.2,"Starlight"
"504","2022-07-10 06:00",-3,"A-Train"
"505","2022-07-10 06:00",0,"Ashley"
"506","2022-07-10 06:00",1.33333333333333,"Black Noir"
"507","2022-07-10 06:00",-0.833333333333333,"Butcher"
"508","2022-07-10 06:00",-6,"Deep"
"509","2022-07-10 06:00",-0.5,"Frenchie"
"510","2022-07-10 06:00",-0.6,"Homelander"
"511","2022-07-10 06:00",2,"Hughie"
"512","2022-07-10 06:00",2,"Kimiko"
"513","2022-07-10 06:00",2.33333333333333,"M.M."
"514","2022-07-10 06:00",0.2,"Queen Maeve"
"515","2022-07-10 06:00",0.25,"Ryan"
"516","2022-07-10 06:00",0.666666666666667,"Soldier Boy"
"517","2022-07-10 06:00",-0.75,"Stan Edgar"
"518","2022-07-10 06:00",0.75,"Starlight"
"519","2022-07-10 07:00",2,"A-Train"
"520","2022-07-10 07:00",-6,"Ashley"
"521","2022-07-10 07:00",-1,"Black Noir"
"522","2022-07-10 07:00",-0.166666666666667,"Butcher"
"523","2022-07-10 07:00",-1.5,"Deep"
"524","2022-07-10 07:00",0.5,"Homelander"
"525","2022-07-10 07:00",4,"Hughie"
"526","2022-07-10 07:00",1.5,"Kimiko"
"527","2022-07-10 07:00",-3,"M.M."
"528","2022-07-10 07:00",0.25,"Queen Maeve"
"529","2022-07-10 07:00",-1.75,"Ryan"
"530","2022-07-10 07:00",-0.375,"Soldier Boy"
"531","2022-07-10 07:00",6,"Stan Edgar"
"532","2022-07-10 07:00",0.333333333333333,"Starlight"
"533","2022-07-10 08:00",-5,"Ashley"
"534","2022-07-10 08:00",-1,"Black Noir"
"535","2022-07-10 08:00",-0.714285714285714,"Butcher"
"536","2022-07-10 08:00",1.5,"Deep"
"537","2022-07-10 08:00",-1,"Frenchie"
"538","2022-07-10 08:00",-1,"Homelander"
"539","2022-07-10 08:00",-1,"Kimiko"
"540","2022-07-10 08:00",-0.5,"M.M."
"541","2022-07-10 08:00",-3.72727272727273,"Queen Maeve"
"542","2022-07-10 08:00",0.666666666666667,"Ryan"
"543","2022-07-10 08:00",-0.3,"Soldier Boy"
"544","2022-07-10 08:00",-8,"Stan Edgar"
"545","2022-07-10 08:00",-1.5,"Starlight"
"546","2022-07-10 09:00",1,"Black Noir"
"547","2022-07-10 09:00",-1.66666666666667,"Butcher"
"548","2022-07-10 09:00",2,"Deep"
"549","2022-07-10 09:00",4,"Frenchie"
"550","2022-07-10 09:00",2.5,"Homelander"
"551","2022-07-10 09:00",1,"Kimiko"
"552","2022-07-10 09:00",0.333333333333333,"M.M."
"553","2022-07-10 09:00",1,"Queen Maeve"
"554","2022-07-10 09:00",1,"Ryan"
"555","2022-07-10 09:00",1.5,"Soldier Boy"
"556","2022-07-10 09:00",0.5,"Stan Edgar"
"557","2022-07-10 09:00",1.66666666666667,"Starlight"
"558","2022-07-10 10:00",-4,"A-Train"
"559","2022-07-10 10:00",-4,"Ashley"
"560","2022-07-10 10:00",-4.25,"Black Noir"
"561","2022-07-10 10:00",2,"Butcher"
"562","2022-07-10 10:00",-4,"Deep"
"563","2022-07-10 10:00",2,"Frenchie"
"564","2022-07-10 10:00",-2.2,"Homelander"
"565","2022-07-10 10:00",2,"Hughie"
"566","2022-07-10 10:00",2,"Kimiko"
"567","2022-07-10 10:00",0,"M.M."
"568","2022-07-10 10:00",-1,"Newman"
"569","2022-07-10 10:00",0.666666666666667,"Queen Maeve"
"570","2022-07-10 10:00",-4,"Ryan"
"571","2022-07-10 10:00",-7,"Soldier Boy"
"572","2022-07-10 10:00",-2,"Stan Edgar"
"573","2022-07-10 10:00",-1,"Starlight"
"574","2022-07-10 11:00",-1,"Black Noir"
"575","2022-07-10 11:00",-1.75,"Butcher"
"576","2022-07-10 11:00",-2,"Deep"
"577","2022-07-10 11:00",-1,"Homelander"
"578","2022-07-10 11:00",0.5,"Hughie"
"579","2022-07-10 11:00",2,"M.M."
"580","2022-07-10 11:00",-1.66666666666667,"Queen Maeve"
"581","2022-07-10 11:00",-10,"Ryan"
"582","2022-07-10 11:00",-0.714285714285714,"Soldier Boy"
"583","2022-07-10 11:00",-0.5,"Starlight"
"584","2022-07-10 12:00",1.5,"Black Noir"
"585","2022-07-10 12:00",2.25,"Butcher"
"586","2022-07-10 12:00",-2,"Frenchie"
"587","2022-07-10 12:00",2.14285714285714,"Homelander"
"588","2022-07-10 12:00",-2,"Kimiko"
"589","2022-07-10 12:00",5.33333333333333,"M.M."
"590","2022-07-10 12:00",1.6,"Queen Maeve"
"591","2022-07-10 12:00",1,"Ryan"
"592","2022-07-10 12:00",1.5,"Soldier Boy"
"593","2022-07-10 13:00",3,"A-Train"
"594","2022-07-10 13:00",-2.2,"Black Noir"
"595","2022-07-10 13:00",3.5,"Butcher"
"596","2022-07-10 13:00",4,"Frenchie"
"597","2022-07-10 13:00",0.3,"Homelander"
"598","2022-07-10 13:00",4,"Hughie"
"599","2022-07-10 13:00",1.5,"Kimiko"
"600","2022-07-10 13:00",0.5,"M.M."
"601","2022-07-10 13:00",0.25,"Queen Maeve"
"602","2022-07-10 13:00",1.5,"Ryan"
"603","2022-07-10 13:00",1.16666666666667,"Soldier Boy"
"604","2022-07-10 13:00",0.75,"Stan Edgar"
"605","2022-07-10 13:00",2.33333333333333,"Starlight"
"606","2022-07-10 14:00",1,"A-Train"
"607","2022-07-10 14:00",0,"Ashley"
"608","2022-07-10 14:00",0.6,"Black Noir"
"609","2022-07-10 14:00",-7,"Butcher"
"610","2022-07-10 14:00",2,"Frenchie"
"611","2022-07-10 14:00",-0.8,"Homelander"
"612","2022-07-10 14:00",6.66666666666667,"Hughie"
"613","2022-07-10 14:00",1.25,"Kimiko"
"614","2022-07-10 14:00",1,"M.M."
"615","2022-07-10 14:00",0.2,"Queen Maeve"
"616","2022-07-10 14:00",-4,"Ryan"
"617","2022-07-10 14:00",-2.5,"Soldier Boy"
"618","2022-07-10 14:00",3,"Stan Edgar"
"619","2022-07-10 14:00",1.5,"Starlight"
"620","2022-07-10 15:00",2,"A-Train"
"621","2022-07-10 15:00",-1,"Ashley"
"622","2022-07-10 15:00",-0.5,"Black Noir"
"623","2022-07-10 15:00",2,"Butcher"
"624","2022-07-10 15:00",1,"Deep"
"625","2022-07-10 15:00",-0.25,"Frenchie"
"626","2022-07-10 15:00",-0.375,"Homelander"
"627","2022-07-10 15:00",2,"Kimiko"
"628","2022-07-10 15:00",1.5,"M.M."
"629","2022-07-10 15:00",2.25,"Queen Maeve"
"630","2022-07-10 15:00",-3,"Ryan"
"631","2022-07-10 15:00",-0.0588235294117647,"Soldier Boy"
"632","2022-07-10 15:00",3.2,"Stan Edgar"
"633","2022-07-10 15:00",-1.66666666666667,"Starlight"
"634","2022-07-10 16:00",-7,"A-Train"
"635","2022-07-10 16:00",-2,"Butcher"
"636","2022-07-10 16:00",0,"Deep"
"637","2022-07-10 16:00",4,"Frenchie"
"638","2022-07-10 16:00",0.647058823529412,"Homelander"
"639","2022-07-10 16:00",1,"Hughie"
"640","2022-07-10 16:00",-1,"Kimiko"
"641","2022-07-10 16:00",1.8,"M.M."
"642","2022-07-10 16:00",-1,"Queen Maeve"
"643","2022-07-10 16:00",3,"Ryan"
"644","2022-07-10 16:00",1.88888888888889,"Soldier Boy"
"645","2022-07-10 16:00",-2.5,"Stan Edgar"
"646","2022-07-10 16:00",1.5,"Starlight"
"647","2022-07-10 17:00",-2,"A-Train"
"648","2022-07-10 17:00",-2,"Ashley"
"649","2022-07-10 17:00",1.5,"Black Noir"
"650","2022-07-10 17:00",-0.2,"Butcher"
"651","2022-07-10 17:00",10,"Deep"
"652","2022-07-10 17:00",2,"Frenchie"
"653","2022-07-10 17:00",1.25,"Homelander"
"654","2022-07-10 17:00",3,"Hughie"
"655","2022-07-10 17:00",0.8,"Kimiko"
"656","2022-07-10 17:00",1,"M.M."
"657","2022-07-10 17:00",-1.66666666666667,"Queen Maeve"
"658","2022-07-10 17:00",-3.5,"Ryan"
"659","2022-07-10 17:00",1.4,"Soldier Boy"
"660","2022-07-10 17:00",-3,"Stan Edgar"
"661","2022-07-10 17:00",-1.33333333333333,"Starlight"
